CustomerID,FirstName,LastName,Email,PhoneNumber,DateRegistered,LastUpdated
0,Melanie,Reynolds,rileysamuel@example.net,(303)804-4654,2024-04-28 19:01:09.822560,2024-06-06 20:13:49.514498
1,Brandon,Allen,lirwin@example.org,(967)985-6906x675,2024-05-02 19:38:57.256568,2024-09-01 13:26:25.215961
2,Joseph,Moreno,hillmartin@example.com,962-897-2030x74995,2024-03-06 15:54:51.761173,2024-01-26 15:34:27.738453
3,Melissa,Gentry,gwilliams@example.org,+1-654-513-9179x3689,2024-05-01 11:57:11.542458,2024-04-08 12:22:18.986792
4,Thomas,Alexander,burtonjohn@example.org,914-825-0215,2024-09-17 01:41:28.364132,2024-09-03 20:36:09.423875
5,Jennifer,Harmon,christopheryoung@example.net,951.212.1551x3658,2024-01-05 03:29:41.607413,2024-01-16 22:25:41.423642
6,Justin,Beltran,hstrickland@example.org,818.722.2211,2024-05-11 03:40:30.625592,2024-07-02 05:06:21.778700
7,James,Morales,erin93@example.com,328-809-8108,2024-08-27 01:07:27.871313,2024-05-25 14:54:48.685920
8,Adrian,Norris,hickskendra@example.org,001-833-231-6720x4044,2024-06-28 10:11:01.071750,2024-02-02 01:13:18.769941
9,Thomas,Pruitt,fray@example.org,636.580.7637x24938,2024-03-07 15:47:08.965106,2024-06-07 18:46:28.731475
10,Kelly,Gonzalez,fleonard@example.org,001-522-859-3683x75760,2024-09-26 02:41:13.140972,2024-01-23 00:57:28.695835
11,Holly,Flowers,mburns@example.net,975.597.6447,2024-06-22 13:13:24.922110,2024-01-11 00:40:28.906719
12,Sara,Ellis,rbrown@example.com,001-992-270-3607x1232,2024-08-09 18:56:53.644271,2024-06-04 16:25:27.676364
13,Justin,Davis,richard70@example.net,676-396-8757x21473,2024-07-09 08:43:29.948405,2024-09-06 03:10:50.351248
14,Brian,Smith,ashleykelly@example.net,240-639-4374,2024-04-05 10:36:46.483870,2024-08-14 21:09:50.999644
15,Alexis,Shaw,grayalexandria@example.org,7989828136,2024-04-18 21:57:25.592919,2024-01-28 09:56:03.032580
16,Michelle,Zimmerman,andersonmichael@example.net,925.291.9273,2024-01-14 19:27:28.715937,2024-08-19 09:56:28.637880
17,Amanda,Taylor,tleonard@example.com,340.947.2398,2024-09-22 03:16:15.695689,2024-02-03 18:28:24.414837
18,Keith,Armstrong,tammy46@example.org,835-222-7244x389,2024-01-01 14:04:11.869401,2024-06-02 18:25:41.178519
19,Brianna,Lewis,alanross@example.org,660-645-4507,2024-10-01 12:52:28.021143,2024-07-31 05:01:23.208875
20,Erik,Scott,lwatson@example.org,266.901.7336x899,2024-05-24 05:10:54.642899,2024-04-06 13:51:39.251594
21,Darryl,Brown,pricebilly@example.com,2205059583,2024-01-28 11:12:37.589328,2024-08-24 19:07:09.485963
22,Amanda,Lynch,alyssa94@example.com,291-376-6580x59087,2024-04-10 01:42:00.581256,2024-08-05 07:31:09.008860
23,Christine,Perez,gregory59@example.com,743.289.3567x004,2024-08-14 00:41:23.342073,2024-04-27 03:19:50.697986
24,Kathy,Jackson,jeremycampbell@example.org,707-688-6154,2024-01-29 21:46:51.026678,2024-04-19 01:45:51.672399
25,Sonia,Thomas,tapialisa@example.net,377-986-7616x4433,2024-05-05 18:56:22.673208,2024-09-28 14:04:35.294978
26,Laura,Mcconnell,barbara73@example.net,359.287.8380x0729,2024-04-15 00:34:14.968116,2024-06-05 20:44:27.684250
27,Sharon,Noble,reeseadrian@example.org,4944302677,2024-03-20 14:35:53.130328,2024-03-22 01:43:14.552948
28,David,Cox,kfry@example.net,001-349-990-7147x4482,2024-05-09 02:41:14.789332,2024-05-23 11:54:04.938102
29,Kelly,Tucker,jennifer29@example.net,554-502-8721,2024-02-25 14:52:26.453774,2024-05-29 19:06:10.559556
30,Eric,George,wrightdavid@example.com,430-836-6745x11117,2024-07-08 03:01:03.478413,2024-06-19 12:47:03.167089
31,Suzanne,Roberts,fkennedy@example.net,574-752-0293,2024-08-15 06:05:00.957893,2024-03-31 23:21:49.904233
32,Stuart,Scott,james68@example.net,808.749.0999x5047,2024-07-31 23:49:08.198855,2024-05-14 07:24:18.029506
33,Anna,Kaiser,zbeasley@example.org,+1-245-855-0018x81985,2024-07-11 02:21:46.972618,2024-02-02 17:09:49.332686
34,Nicole,Miranda,jessicamiller@example.org,5869048345,2024-07-09 14:35:44.319528,2024-09-14 06:47:35.887038
35,James,Johnson,lorrainegraham@example.org,(839)304-3563x233,2024-07-15 10:15:58.972856,2024-07-08 21:16:44.456742
36,Amy,Rocha,pmoore@example.org,+1-278-509-8582x236,2024-02-27 15:19:22.230675,2024-01-13 23:01:11.032399
37,Rose,Brown,jose98@example.org,7929038139,2024-03-25 02:42:10.312505,2024-07-20 10:41:54.468294
38,Richard,Rowe,sarah60@example.net,612-777-2408,2024-05-18 03:29:00.669090,2024-04-11 09:55:18.658217
39,Katherine,Wilson,michaela10@example.net,001-678-208-6505x544,2024-03-27 09:21:51.205157,2024-06-26 15:30:27.402247
40,Kimberly,Cooke,vgonzalez@example.net,429-375-3778x150,2024-08-13 16:01:12.912772,2024-05-19 10:34:59.725808
41,Dennis,Williams,davidray@example.com,001-264-602-4342x096,2024-03-15 02:35:09.001730,2024-06-14 07:42:49.320088
42,Paul,Singh,mmarks@example.com,634.312.9603,2024-05-07 15:51:22.903852,2024-01-01 16:54:40.187628
43,Kelly,Anderson,ebony43@example.org,+1-616-653-9522x94410,2024-06-16 06:23:07.526499,2024-06-23 22:17:04.678187
44,Jay,Scott,kduffy@example.net,9603260285,2024-04-22 20:35:42.071535,2024-04-03 01:43:10.267145
45,Jessica,Dillon,smayer@example.net,001-216-425-1748x26090,2024-09-12 07:38:11.485340,2024-05-04 09:50:50.659168
46,April,Ware,christine23@example.org,+1-989-480-5351,2024-02-23 02:18:27.490367,2024-08-15 09:05:35.306491
47,Carla,Cuevas,yrogers@example.org,642.395.4853x95674,2024-06-25 12:41:47.795165,2024-07-26 16:50:35.925644
48,Laurie,Lewis,renee17@example.com,(230)639-5500x07923,2024-05-30 14:12:55.517010,2024-05-26 00:19:54.241117
49,Eugene,Weber,annette47@example.net,+1-842-455-3418x84939,2024-06-21 20:11:42.703050,2024-03-31 23:53:51.096979
50,Joshua,Myers,courtney49@example.com,774.985.4796x9435,2024-09-28 11:20:47.748181,2024-05-24 16:47:44.020644
51,Patricia,Parks,xvillanueva@example.net,602-781-2654,2024-05-28 11:33:49.787950,2024-09-09 06:20:25.805694
52,Glenn,Gregory,nathan76@example.org,+1-875-824-7194,2024-01-10 18:10:51.370548,2024-09-18 19:42:15.352951
53,Sarah,Vaughn,adampineda@example.net,+1-485-805-5378x02417,2024-01-03 06:02:18.161053,2024-04-28 22:33:21.243932
54,Ronald,Lucas,petersonrebecca@example.com,301-819-6702,2024-05-15 05:54:44.800025,2024-06-20 05:53:49.505167
55,Brittany,Cox,brittney89@example.net,(870)777-2902x16606,2024-02-29 08:33:49.788325,2024-02-23 22:05:29.467158
56,Sarah,Wood,hallkimberly@example.org,436.272.1406x40556,2024-02-08 08:57:38.926263,2024-01-06 16:52:06.683839
57,Cristian,Santos,fernandoramirez@example.org,740-607-3196,2024-06-11 22:18:46.298508,2024-06-19 14:25:15.957556
58,Gail,Jones,stewartlouis@example.net,+1-258-318-5240x55378,2024-07-10 23:14:27.519492,2024-03-21 05:55:33.792935
59,Anne,Carr,jeffrey08@example.net,762.841.5850x62381,2024-01-29 02:00:37.104120,2024-07-28 13:36:56.210145
60,Rebekah,Snyder,reginaburns@example.org,(341)792-1909x213,2024-03-01 01:10:57.140372,2024-09-06 22:03:13.382734
61,Nicholas,Miller,jason28@example.net,(919)931-1433,2024-04-16 10:50:53.291674,2024-03-18 09:04:08.116644
62,Renee,Miller,madison90@example.org,+1-842-705-5010x124,2024-03-28 05:30:32.433617,2024-09-07 18:53:33.724713
63,Joshua,Williams,jenniferwagner@example.net,+1-545-829-1564,2024-04-18 00:00:09.183291,2024-07-28 01:42:04.762075
64,Donald,Stephens,dylan31@example.org,001-965-288-5994x13026,2024-02-17 15:58:20.494778,2024-09-10 12:35:56.375346
65,Jennifer,Stevens,framirez@example.net,(213)355-5960,2024-03-15 00:25:41.246804,2024-04-27 06:13:02.768629
66,Amanda,Hernandez,mdavenport@example.net,+1-681-556-1439x1360,2024-05-10 19:03:48.557302,2024-04-01 15:25:45.908382
67,Evan,James,mark47@example.net,(947)927-3612,2024-07-01 07:45:48.074927,2024-04-08 16:25:25.380481
68,Amanda,Silva,andersonlauren@example.com,001-674-483-5699x1184,2024-09-10 17:37:53.517570,2024-08-15 10:50:39.298119
69,Amy,Ayers,jeffreyjones@example.com,598-215-9491x61884,2024-06-19 09:47:07.580930,2024-05-15 07:32:22.551529
70,David,Ward,benjamin45@example.com,539.573.7580,2024-07-14 00:57:17.517334,2024-01-13 03:12:04.559824
71,Kimberly,Hill,paul30@example.com,949-897-7009x359,2024-08-09 05:39:49.847693,2024-01-17 17:28:38.598755
72,William,Moore,zcooper@example.com,603-414-4081x4532,2024-09-20 23:57:58.353772,2024-02-23 10:23:29.064841
73,Dawn,Roth,anitaortiz@example.org,(761)677-8441,2024-05-13 17:27:50.633988,2024-03-17 03:34:06.883521
74,Brian,Cross,jberg@example.com,587-782-1607x14013,2024-05-06 05:30:10.368231,2024-07-05 12:59:16.162514
75,Sherry,Hawkins,nle@example.org,(365)280-8877,2024-01-02 00:40:40.902775,2024-08-28 08:21:19.733947
76,Scott,Thompson,gaywyatt@example.net,645.358.4407x4941,2024-07-02 20:40:55.330664,2024-02-28 19:05:45.100508
77,Lisa,Gonzales,kimberly17@example.org,468-236-5529,2024-09-11 13:51:20.130808,2024-09-09 09:10:37.139299
78,Jason,Mitchell,tammycampbell@example.org,(655)513-8136x087,2024-09-26 16:16:53.048728,2024-02-13 02:06:33.197772
79,Jack,Walker,james50@example.com,895.998.1029,2024-02-26 16:12:57.384119,2024-07-02 10:07:46.892364
80,Tonya,Duncan,stewartthomas@example.net,001-805-586-3857,2024-06-01 05:32:09.441308,2024-08-02 02:29:38.618787
81,Susan,Bailey,donaldmaxwell@example.net,(454)622-7179,2024-05-13 16:24:49.907420,2024-03-14 13:20:57.987634
82,Aaron,Noble,thomas84@example.org,001-520-559-2512,2024-04-02 00:46:11.663306,2024-03-03 21:46:22.192274
83,Michele,Miller,mallory73@example.org,(716)762-7550,2024-02-17 08:32:40.384488,2024-03-13 16:15:32.840348
84,Lauren,Ibarra,nlindsey@example.com,+1-785-270-6664x387,2024-02-17 08:27:18.358603,2024-03-23 16:09:10.266140
85,Elizabeth,Jarvis,lindamcintosh@example.org,624.226.3392x861,2024-02-13 12:34:43.064828,2024-09-16 06:31:35.814317
86,Victoria,Frey,sullivanmichael@example.org,(443)909-2385x673,2024-01-27 03:19:37.966768,2024-06-29 16:24:22.056144
87,Laura,Nash,riveradamon@example.com,564.803.1771x57240,2024-06-28 03:54:19.426327,2024-02-03 15:39:57.182724
88,James,Garcia,jason29@example.org,327.914.9494,2024-07-13 20:50:00.868279,2024-04-02 10:30:48.524539
89,Katherine,Conway,grahamsean@example.org,923.392.0571x7183,2024-09-30 13:37:15.834740,2024-05-10 16:09:11.232806
90,Alexis,Howard,johnfitzgerald@example.com,+1-533-448-2842x66153,2024-08-28 16:04:38.631821,2024-04-29 23:31:24.306906
91,Mark,Williams,uperez@example.org,+1-798-277-2028x360,2024-04-27 21:31:08.964145,2024-01-12 19:29:12.513811
92,Daniel,Ramirez,sancheztina@example.net,001-978-387-6606x06064,2024-09-15 13:19:26.265863,2024-05-29 23:51:58.745995
93,Michael,Meyer,ataylor@example.com,5768141970,2024-09-20 17:21:38.416018,2024-05-09 21:06:50.799784
94,Emily,Schwartz,ghaley@example.com,7454744257,2024-09-16 06:53:25.116888,2024-04-28 00:15:44.243196
95,Roger,Johnson,danielvargas@example.org,001-816-681-3949x19254,2024-08-15 18:28:02.136007,2024-02-25 16:00:35.431531
96,Clayton,King,william51@example.com,396.394.3788x029,2024-09-10 17:07:02.917450,2024-05-11 13:39:02.901892
97,Crystal,Morris,paula81@example.net,631-221-5585,2024-04-03 00:26:46.955721,2024-01-23 04:30:10.112558
98,John,Walton,maldonadoanthony@example.org,674.661.1752,2024-02-07 16:00:55.481026,2024-04-18 13:43:43.596821
99,Jeffrey,Mayer,wellsrobert@example.net,001-917-345-8769x1050,2024-04-06 11:19:03.614988,2024-04-13 12:58:37.086448
